Library Description,C1,C2,C3,p,ds,rho,nH,T,H,E
p420000_ds0.006_rho2500_nH10_T12_Ep5e7_mu0.50,-2.735958576,-4.201275349,9.114407539,420000,0.006,2500,10,12,0.06,50000000
p500000_ds0.007_rho2500_nH12_T16_Ep5e7_mu0.50,-2.635129929,-3.962814331,9.217434883,500000,0.007,2500,12,16,0.084,50000000
p500000_ds0.007_rho2500_nH12_T18_Ep5e7_mu0.50,-2.742640018,-3.761918783,10.54823875,500000,0.007,2500,12,18,0.084,50000000
p480000_ds0.007_rho2500_nH12_T18_Ep5e7_mu0.50,-2.602474451,-4.397703171,7.826497078,480000,0.007,2500,12,18,0.084,50000000
p400000_ds0.006_rho2500_nH10_T10_Ep5e7_mu0.50,-2.680660009,-4.686982632,7.390146732,400000,0.006,2500,10,10,0.06,50000000
p380000_ds0.007_rho2650_nH10_T18_Ep5e7_mu0.50,-2.727300644,-4.633681297,7.942947388,380000,0.007,2650,10,18,0.07,50000000
p380000_ds0.005_rho2650_nH10_T12_Ep5e7_mu0.50,-2.787939072,-3.365283728,11.69754028,380000,0.005,2650,10,12,0.05,50000000
p340000_ds0.006_rho2600_nH10_T16_Ep5e7_mu0.50,-2.773251057,-4.352951527,8.831414223,340000,0.006,2600,10,16,0.06,50000000
p500000_ds0.006_rho2550_nH15_T10_Ep5e7_mu0.50,-2.521153688,-4.971361637,5.442587852,500000,0.006,2550,15,10,0.09,50000000
p400000_ds0.007_rho2600_nH12_T14_Ep5e7_mu0.50,-2.694967747,-5.439522743,5.298258781,400000,0.007,2600,12,14,0.084,50000000
p400000_ds0.006_rho2500_nH12_T12_Ep5e7_mu0.50,-2.697148323,-5.50298357,5.577778816,400000,0.006,2500,12,12,0.072,50000000
p500000_ds0.006_rho2500_nH15_T12_Ep5e7_mu0.50,-2.695115805,-4.97781992,6.984573364,500000,0.006,2500,15,12,0.09,50000000
p380000_ds0.005_rho2650_nH12_T18_Ep5e7_mu0.50,-2.794433355,-3.174288273,12.24309444,380000,0.005,2650,12,18,0.06,50000000
p460000_ds0.006_rho2550_nH15_T10_Ep5e7_mu0.50,-2.681375027,-5.561899662,4.883829117,460000,0.006,2550,15,10,0.09,50000000
p460000_ds0.006_rho2500_nH15_T12_Ep5e7_mu0.50,-2.650173903,-5.208277702,5.720863819,460000,0.006,2500,15,12,0.09,50000000
p300000_ds0.007_rho2650_nH10_T18_Ep5e7_mu0.50,-2.792716026,-5.79639864,4.972423077,300000,0.007,2650,10,18,0.07,50000000
p300000_ds0.006_rho2600_nH10_T16_Ep5e7_mu0.50,-2.815074682,-5.239740372,6.716773033,300000,0.006,2600,10,16,0.06,50000000
p300000_ds0.006_rho2600_nH10_T14_Ep5e7_mu0.50,-2.917232513,-5.266988754,7.359981537,300000,0.006,2600,10,14,0.06,50000000
p300000_ds0.005_rho2450_nH10_T14_Ep5e7_mu0.50,-2.793245316,-4.079009056,9.818253517,300000,0.005,2450,10,14,0.05,50000000
p300000_ds0.005_rho2650_nH10_T12_Ep5e7_mu0.50,-2.906808615,-4.430290222,9.572244644,300000,0.005,2650,10,12,0.05,50000000
p300000_ds0.005_rho2450_nH10_T18_Ep5e7_mu0.50,-2.85464406,-3.576856136,11.51329327,300000,0.005,2450,10,18,0.05,50000000
p500000_ds0.006_rho2650_nH18_T10_Ep5e7_mu0.50,-2.597157955,-5.289277077,5.078100204,500000,0.006,2650,18,10,0.108,50000000
p500000_ds0.007_rho2500_nH18_T14_Ep5e7_mu0.50,-2.604185343,-5.285094261,5.192082405,500000,0.007,2500,18,14,0.126,50000000
p500000_ds0.006_rho2550_nH18_T10_Ep5e7_mu0.50,-2.641290188,-5.215716362,5.659186363,500000,0.006,2550,18,10,0.108,50000000
p500000_ds0.006_rho2500_nH18_T12_Ep5e7_mu0.50,-2.662824392,-4.905326843,6.717606544,500000,0.006,2500,18,12,0.108,50000000
p400000_ds0.006_rho2450_nH15_T10_Ep5e7_mu0.50,-2.743070126,-6.109500885,3.791073799,400000,0.006,2450,15,10,0.09,50000000
p400000_ds0.006_rho2450_nH15_T12_Ep5e7_mu0.50,-2.763995171,-5.834835529,4.670892239,400000,0.006,2450,15,12,0.09,50000000
p320000_ds0.005_rho2550_nH12_T12_Ep5e7_mu0.50,-2.860804319,-5.0041008,7.617178917,320000,0.005,2550,12,12,0.06,50000000
p460000_ds0.007_rho2500_nH18_T14_Ep5e7_mu0.50,-2.694888353,-5.896256924,3.961120367,460000,0.007,2500,18,14,0.126,50000000
p380000_ds0.006_rho2350_nH15_T10_Ep5e7_mu0.50,-2.746794939,-6.338338375,3.165587902,380000,0.006,2350,15,10,0.09,50000000
p500000_ds0.007_rho2350_nH20_T10_Ep5e7_mu0.50,-2.640894175,-5.989207268,3.473664999,500000,0.007,2350,20,10,0.14,50000000
p500000_ds0.006_rho2500_nH20_T12_Ep5e7_mu0.50,-2.642885447,-5.573328018,4.730285645,500000,0.006,2500,20,12,0.12,50000000
p500000_ds0.005_rho2550_nH20_T10_Ep5e7_mu0.50,-2.673485994,-5.538349628,4.947655678,500000,0.005,2550,20,10,0.1,50000000
p500000_ds0.007_rho2500_nH20_T14_Ep5e7_mu0.50,-2.63118577,-5.311032295,5.332061291,500000,0.007,2500,20,14,0.14,50000000
p500000_ds0.006_rho2650_nH20_T10_Ep5e7_mu0.50,-2.716888666,-5.464907646,5.540204048,500000,0.006,2650,20,10,0.12,50000000
p400000_ds0.006_rho2450_nH18_T12_Ep5e7_mu0.50,-2.708586216,-6.173874855,3.21710968,400000,0.006,2450,18,12,0.108,50000000
p400000_ds0.005_rho2650_nH18_T14_Ep5e7_mu0.50,-2.68129015,-5.145317078,6.037901402,400000,0.005,2650,18,14,0.09,50000000
p200000_ds0.006_rho2800_nH10_T10_Ep5e7_mu0.50,-2.67702961,-6.650161743,1.702356219,200000,0.006,2800,10,10,0.06,50000000
p300000_ds0.006_rho2350_nH15_T10_Ep5e7_mu0.50,-2.92274642,-7.432235241,1.288224578,300000,0.006,2350,15,10,0.09,50000000
p360000_ds0.007_rho2450_nH18_T12_Ep5e7_mu0.50,-2.816540718,-6.859170914,2.213932276,360000,0.007,2450,18,12,0.126,50000000
p200000_ds0.006_rho2350_nH10_T10_Ep5e7_mu0.50,-3.078304529,-8.174429893,0.444904,200000,0.006,2350,10,10,0.06,50000000
p500000_ds0.007_rho2350_nH25_T10_Ep5e7_mu0.50,-2.649834156,-5.953140736,3.669523001,500000,0.007,2350,25,10,0.175,50000000
p500000_ds0.006_rho2650_nH25_T10_Ep5e7_mu0.50,-2.645576239,-5.620357037,4.469301224,500000,0.006,2650,25,10,0.15,50000000
p400000_ds0.006_rho2400_nH20_T18_Ep5e7_mu0.50,-2.727622032,-5.793041706,4.478809357,400000,0.006,2400,20,18,0.12,50000000
p360000_ds0.006_rho2350_nH18_T12_Ep5e7_mu0.50,-2.856984854,-6.390520573,3.79978013,360000,0.006,2350,18,12,0.108,50000000
p500000_ds0.005_rho2550_nH25_T10_Ep5e7_mu0.50,-2.69588232,-5.616037846,4.940690041,500000,0.005,2550,25,10,0.125,50000000
p400000_ds0.004_rho2500_nH20_T12_Ep5e7_mu0.50,-2.69977951,-5.441083431,5.329441071,400000,0.004,2500,20,12,0.08,50000000
p400000_ds0.006_rho2400_nH20_T20_Ep5e7_mu0.50,-2.750843525,-5.645789623,5.14786005,400000,0.006,2400,20,20,0.12,50000000
p400000_ds0.005_rho2650_nH20_T14_Ep5e7_mu0.50,-2.799393654,-5.722729683,5.358631134,400000,0.005,2650,20,14,0.1,50000000
p240000_ds0.006_rho2450_nH12_T20_Ep5e7_mu0.50,-3.064535618,-6.953534603,3.67478323,240000,0.006,2450,12,20,0.072,50000000
p400000_ds0.005_rho2350_nH20_T16_Ep5e7_mu0.50,-2.766722202,-5.242468357,6.392315865,400000,0.005,2350,20,16,0.1,50000000
p200000_ds0.005_rho2450_nH10_T16_Ep5e7_mu0.50,-3.046891689,-6.683634758,4.408936501,200000,0.005,2450,10,16,0.05,50000000
p300000_ds0.005_rho2650_nH15_T18_Ep5e7_mu0.50,-2.863615036,-5.573811531,6.128491879,300000,0.005,2650,15,18,0.075,50000000
p200000_ds0.004_rho2450_nH10_T10_Ep5e7_mu0.50,-3.071016312,-6.560549259,4.901669502,200000,0.004,2450,10,10,0.04,50000000
p300000_ds0.004_rho2550_nH15_T12_Ep5e7_mu0.50,-2.885258913,-5.397560596,6.710512638,300000,0.004,2550,15,12,0.06,50000000
p200000_ds0.005_rho2450_nH10_T14_Ep5e7_mu0.50,-3.143929958,-6.644774914,5.350306034,200000,0.005,2450,10,14,0.05,50000000
p200000_ds0.005_rho2450_nH10_T18_Ep5e7_mu0.50,-3.131614685,-6.140581131,6.516442299,200000,0.005,2450,10,18,0.05,50000000
p200000_ds0.004_rho2600_nH10_T16_Ep5e7_mu0.50,-3.157755136,-4.54531908,11.09913635,200000,0.004,2600,10,16,0.04,50000000
p380000_ds0.007_rho2350_nH20_T16_Ep5e7_mu0.50,-2.804708958,-6.516623974,3.193132877,380000,0.007,2350,20,16,0.14,50000000
p340000_ds0.004_rho2500_nH18_T20_Ep5e7_mu0.50,-2.586065292,-6.084911346,2.472536802,340000,0.004,2500,18,20,0.072,50000000
p340000_ds0.004_rho2500_nH18_T10_Ep5e7_mu0.50,-2.874451399,-6.206148624,4.42495966,340000,0.004,2500,18,10,0.072,50000000
p280000_ds0.005_rho2650_nH15_T14_Ep5e7_mu0.50,-2.903487206,-6.324721336,4.145532608,280000,0.005,2650,15,14,0.075,50000000
p220000_ds0.005_rho2650_nH12_T10_Ep5e7_mu0.50,-3.028318882,-7.681516171,1.324723125,220000,0.005,2650,12,10,0.06,50000000
p320000_ds0.004_rho2550_nH18_T12_Ep5e7_mu0.50,-2.854427814,-5.650784016,5.843567371,320000,0.004,2550,18,12,0.072,50000000
p260000_ds0.004_rho2600_nH15_T10_Ep5e7_mu0.50,-2.96080637,-6.932068825,3.056348324,260000,0.004,2600,15,10,0.06,50000000
p300000_ds0.004_rho2350_nH18_T12_Ep5e7_mu0.50,-2.778070688,-6.994976521,1.685941696,300000,0.004,2350,18,12,0.072,50000000
p300000_ds0.006_rho2350_nH18_T10_Ep5e7_mu0.50,-2.965803146,-7.636382103,1.121575594,300000,0.006,2350,18,10,0.108,50000000
p300000_ds0.006_rho2350_nH18_T12_Ep5e7_mu0.50,-2.964341164,-7.438411236,1.768153667,300000,0.006,2350,18,12,0.108,50000000
p500000_ds0.005_rho2550_nH30_T10_Ep5e7_mu0.50,-2.657291651,-5.887554169,3.992727518,500000,0.005,2550,30,10,0.15,50000000
p200000_ds0.006_rho2600_nH12_T16_Ep5e7_mu0.50,-3.119954348,-8.131837845,1.000503182,200000,0.006,2600,12,16,0.072,50000000
p200000_ds0.006_rho2450_nH12_T16_Ep5e7_mu0.50,-3.136656523,-8.049365997,1.33307147,200000,0.006,2450,12,16,0.072,50000000
p300000_ds0.004_rho2500_nH18_T10_Ep5e7_mu0.50,-2.874210596,-6.665940285,3.348849058,300000,0.004,2500,18,10,0.072,50000000
p200000_ds0.005_rho2550_nH12_T12_Ep5e7_mu0.50,-3.166201591,-8.000004768,1.620914578,200000,0.005,2550,12,12,0.06,50000000
p200000_ds0.005_rho2450_nH12_T14_Ep5e7_mu0.50,-3.170579433,-7.987856865,1.705665708,200000,0.005,2450,12,14,0.06,50000000
p300000_ds0.004_rho2500_nH18_T18_Ep5e7_mu0.50,-2.857899666,-5.657354355,5.884391785,300000,0.004,2500,18,18,0.072,50000000
p300000_ds0.004_rho2550_nH18_T14_Ep5e7_mu0.50,-2.933161736,-5.85017395,5.842036247,300000,0.004,2550,18,14,0.072,50000000
p300000_ds0.004_rho2350_nH18_T14_Ep5e7_mu0.50,-2.904763937,-5.760748386,6.081172943,300000,0.004,2350,18,14,0.072,50000000
p240000_ds0.007_rho2500_nH15_T18_Ep5e7_mu0.50,-3.085088491,-8.09822464,0.766150355,240000,0.007,2500,15,18,0.105,50000000
p320000_ds0.004_rho2600_nH20_T18_Ep5e7_mu0.50,-2.727760553,-6.100400925,3.601927042,320000,0.004,2600,20,18,0.08,50000000
p400000_ds0.006_rho2400_nH25_T20_Ep5e7_mu0.50,-2.745540142,-5.909736633,4.413009644,400000,0.006,2400,25,20,0.15,50000000
p400000_ds0.004_rho2500_nH25_T14_Ep5e7_mu0.50,-2.806713104,-6.157869816,4.244757175,400000,0.004,2500,25,14,0.1,50000000
p400000_ds0.005_rho2350_nH25_T18_Ep5e7_mu0.50,-2.799180508,-5.987382412,4.656110287,400000,0.005,2350,25,18,0.125,50000000
p280000_ds0.005_rho2650_nH18_T18_Ep5e7_mu0.50,-2.958733559,-6.690262794,3.727174282,280000,0.005,2650,18,18,0.09,50000000
p300000_ds0.007_rho2450_nH20_T12_Ep5e7_mu0.50,-2.930541277,-7.526951313,1.133001447,300000,0.007,2450,20,12,0.14,50000000
p300000_ds0.007_rho2350_nH20_T14_Ep5e7_mu0.50,-2.942899942,-7.475673676,1.318007946,300000,0.007,2350,20,14,0.14,50000000
p300000_ds0.006_rho2350_nH20_T18_Ep5e7_mu0.50,-2.943086147,-7.453867912,1.481900573,300000,0.006,2350,20,18,0.12,50000000
p300000_ds0.006_rho2350_nH20_T12_Ep5e7_mu0.50,-2.936757565,-7.308244228,1.782311082,300000,0.006,2350,20,12,0.12,50000000
p300000_ds0.004_rho2500_nH20_T10_Ep5e7_mu0.50,-2.938444614,-7.124363899,2.238679409,300000,0.004,2500,20,10,0.08,50000000
p300000_ds0.005_rho2650_nH20_T18_Ep5e7_mu0.50,-2.889153004,-6.50254488,3.691055536,300000,0.005,2650,20,18,0.1,50000000
p300000_ds0.005_rho2650_nH20_T14_Ep5e7_mu0.50,-2.999871254,-7.062336445,2.980946302,300000,0.005,2650,20,14,0.1,50000000
p300000_ds0.004_rho2350_nH20_T16_Ep5e7_mu0.50,-2.894441366,-6.132143974,4.80516386,300000,0.004,2350,20,16,0.08,50000000
p300000_ds0.004_rho2550_nH20_T18_Ep5e7_mu0.50,-2.905176401,-5.895420551,5.43959856,300000,0.004,2550,20,18,0.08,50000000
p300000_ds0.004_rho2550_nH20_T14_Ep5e7_mu0.50,-2.981301308,-5.863096714,6.198622704,300000,0.004,2550,20,14,0.08,50000000
p300000_ds0.004_rho2500_nH20_T20_Ep5e7_mu0.50,-2.951311827,-5.560749531,6.606258869,300000,0.004,2500,20,20,0.08,50000000
p220000_ds0.006_rho2500_nH15_T16_Ep5e7_mu0.50,-3.123290539,-8.134937286,0.843068242,220000,0.006,2500,15,16,0.09,50000000
p220000_ds0.004_rho2450_nH15_T12_Ep5e7_mu0.50,-3.076457024,-7.164180279,3.365831852,220000,0.004,2450,15,12,0.06,50000000
p260000_ds0.004_rho2550_nH18_T14_Ep5e7_mu0.50,-3.084387064,-6.658737659,4.669310093,260000,0.004,2550,18,14,0.072,50000000
p200000_ds0.007_rho2350_nH15_T16_Ep5e7_mu0.50,-3.173042536,-9.123372078,-1.419903398,200000,0.007,2350,15,16,0.105,50000000
p200000_ds0.006_rho2600_nH15_T16_Ep5e7_mu0.50,-3.131981611,-8.692664146,-0.518395305,200000,0.006,2600,15,16,0.09,50000000
p200000_ds0.006_rho2450_nH15_T18_Ep5e7_mu0.50,-3.187044382,-8.707210541,-0.123251833,200000,0.006,2450,15,18,0.09,50000000
p400000_ds0.006_rho2400_nH30_T20_Ep5e7_mu0.50,-2.797572613,-6.683140755,2.76980567,400000,0.006,2400,30,20,0.18,50000000
p200000_ds0.005_rho2650_nH15_T14_Ep5e7_mu0.50,-3.185250282,-8.030666351,1.556181431,200000,0.005,2650,15,14,0.075,50000000
p240000_ds0.004_rho2550_nH18_T16_Ep5e7_mu0.50,-3.089758873,-7.12041235,3.601546049,240000,0.004,2550,18,16,0.072,50000000
p240000_ds0.005_rho2350_nH20_T16_Ep5e7_mu0.50,-3.079599142,-8.328128815,0.120114684,240000,0.005,2350,20,16,0.1,50000000
p300000_ds0.007_rho2350_nH25_T16_Ep5e7_mu0.50,-2.937372208,-7.557105541,1.184360623,300000,0.007,2350,25,16,0.175,50000000
p180000_ds0.006_rho2500_nH15_T12_Ep5e7_mu0.50,-3.236504555,-9.0148983,-0.66091609,180000,0.006,2500,15,12,0.09,50000000
p240000_ds0.006_rho2650_nH20_T14_Ep5e7_mu0.50,-3.059499502,-7.871601105,1.041982412,240000,0.006,2650,20,14,0.12,50000000
p300000_ds0.006_rho2350_nH25_T20_Ep5e7_mu0.50,-2.968552113,-7.257786751,2.253760815,300000,0.006,2350,25,20,0.15,50000000
p240000_ds0.006_rho2600_nH20_T20_Ep5e7_mu0.50,-3.110479116,-7.899055958,1.474055648,240000,0.006,2600,20,20,0.12,50000000
p300000_ds0.005_rho2650_nH25_T16_Ep5e7_mu0.50,-2.980005026,-7.188917637,2.682731628,300000,0.005,2650,25,16,0.125,50000000
p300000_ds0.004_rho2350_nH25_T16_Ep5e7_mu0.50,-3.021314383,-6.83263588,3.809986115,300000,0.004,2350,25,16,0.1,50000000
p140000_ds0.006_rho2600_nH12_T16_Ep5e7_mu0.50,-3.359887123,-10.08082199,-2.476047516,140000,0.006,2600,12,16,0.072,50000000
p200000_ds0.006_rho2350_nH18_T10_Ep5e7_mu0.50,-3.268565655,-9.393274307,-1.521941066,200000,0.006,2350,18,10,0.108,50000000
p200000_ds0.006_rho2500_nH18_T14_Ep5e7_mu0.50,-3.186675549,-8.846645355,-0.6418764,200000,0.006,2500,18,14,0.108,50000000
p200000_ds0.004_rho2550_nH18_T12_Ep5e7_mu0.50,-3.151481628,-8.319580078,0.574331224,200000,0.004,2550,18,12,0.072,50000000
p200000_ds0.004_rho2350_nH18_T12_Ep5e7_mu0.50,-3.236603975,-8.093653679,1.865474105,200000,0.004,2350,18,12,0.072,50000000
p100000_ds0.007_rho2500_nH10_T18_Ep5e7_mu0.50,-3.61171031,-11.83798313,-5.482058525,100000,0.007,2500,10,18,0.07,50000000
p180000_ds0.006_rho2550_nH18_T10_Ep5e7_mu0.50,-3.27713728,-9.704593658,-2.329337597,180000,0.006,2550,18,10,0.108,50000000
p100000_ds0.004_rho2350_nH10_T10_Ep5e7_mu0.50,-3.592815399,-11.07307434,-3.477607727,100000,0.004,2350,10,10,0.04,50000000
p300000_ds0.010_rho2300_nH30_T16_Ep5e7_mu0.50,-2.934113264,-7.352147102,1.698824525,300000,0.01,2300,30,16,0.3,50000000
p300000_ds0.005_rho2650_nH30_T16_Ep5e7_mu0.50,-2.99741888,-7.439381599,1.83670485,300000,0.005,2650,30,16,0.15,50000000
p300000_ds0.007_rho2350_nH30_T16_Ep5e7_mu0.50,-3.02030611,-7.739686966,1.448676586,300000,0.007,2350,30,16,0.21,50000000
p100000_ds0.004_rho2350_nH10_T12_Ep5e7_mu0.50,-3.63787508,-10.85302925,-2.519233227,100000,0.004,2350,10,12,0.04,50000000
p200000_ds0.004_rho2550_nH20_T12_Ep5e7_mu0.50,-3.270299435,-8.562970161,0.870317042,200000,0.004,2550,20,12,0.08,50000000
p200000_ds0.004_rho2350_nH20_T12_Ep5e7_mu0.50,-3.277062893,-8.305592537,1.423883557,200000,0.004,2350,20,12,0.08,50000000
p200000_ds0.004_rho2600_nH20_T18_Ep5e7_mu0.50,-3.181780815,-7.458455563,3.337238789,200000,0.004,2600,20,18,0.08,50000000
p160000_ds0.005_rho2550_nH18_T18_Ep5e7_mu0.50,-3.379368782,-9.863277435,-1.661127329,160000,0.005,2550,18,18,0.09,50000000
p100000_ds0.007_rho2600_nH12_T14_Ep5e7_mu0.50,-3.571313381,-12.23050404,-7.087694645,100000,0.007,2600,12,14,0.084,50000000
p100000_ds0.006_rho2450_nH12_T18_Ep5e7_mu0.50,-3.637579918,-12.44227982,-7.055820942,100000,0.006,2450,12,18,0.072,50000000
p100000_ds0.004_rho2650_nH12_T16_Ep5e7_mu0.50,-3.589390755,-11.12013531,-3.662900925,100000,0.004,2650,12,16,0.048,50000000
p100000_ds0.004_rho2650_nH12_T14_Ep5e7_mu0.50,-3.646243572,-10.81861687,-2.449898005,100000,0.004,2650,12,14,0.048,50000000
p120000_ds0.006_rho2600_nH15_T16_Ep5e7_mu0.50,-3.625173092,-11.32435799,-3.982858896,120000,0.006,2600,15,16,0.09,50000000
p200000_ds0.004_rho2600_nH25_T18_Ep5e7_mu0.50,-3.271488905,-8.215971947,1.945103765,200000,0.004,2600,25,18,0.1,50000000
p95000_ds0.006_rho2800_nH12_T10_Ep5e7_mu0.50,-3.425147057,-11.69103241,-6.619636536,95000,0.006,2800,12,10,0.072,50000000
p140000_ds0.004_rho2550_nH18_T14_Ep5e7_mu0.50,-3.487823009,-10.03430843,-1.615555167,140000,0.004,2550,18,14,0.072,50000000
p70000_ds0.006_rho2800_nH10_T10_Ep5e7_mu0.50,-3.565774679,-13.25212574,-9.731796265,70000,0.006,2800,10,10,0.06,50000000
p70000_ds0.005_rho2550_nH10_T18_Ep5e7_mu0.50,-3.815353155,-13.54132271,-8.65729332,70000,0.005,2550,10,18,0.05,50000000
p100000_ds0.007_rho2450_nH15_T18_Ep5e7_mu0.50,-3.630213022,-12.7075634,-7.765070915,100000,0.007,2450,15,18,0.105,50000000
p100000_ds0.007_rho2500_nH15_T18_Ep5e7_mu0.50,-3.634392023,-12.56248093,-7.401643753,100000,0.007,2500,15,18,0.105,50000000
p100000_ds0.007_rho2500_nH15_T16_Ep5e7_mu0.50,-3.644012451,-12.43955326,-6.927408695,100000,0.007,2500,15,16,0.105,50000000
p100000_ds0.004_rho2600_nH15_T10_Ep5e7_mu0.50,-3.693730831,-12.13231373,-5.748933315,100000,0.004,2600,15,10,0.06,50000000
p100000_ds0.004_rho2400_nH15_T12_Ep5e7_mu0.50,-3.709022522,-12.15714264,-5.730668068,100000,0.004,2400,15,12,0.06,50000000
p100000_ds0.004_rho2450_nH15_T10_Ep5e7_mu0.50,-3.757372856,-12.125,-5.19820261,100000,0.004,2450,15,10,0.06,50000000
p200000_ds0.004_rho2600_nH30_T18_Ep5e7_mu0.50,-3.334500551,-9.247062683,-0.227217615,200000,0.004,2600,30,18,0.12,50000000
p60000_ds0.007_rho2500_nH10_T20_Ep5e7_mu0.50,-3.977760792,-15.03162575,-11.48500443,60000,0.007,2500,10,20,0.07,50000000
p100000_ds0.006_rho2450_nH18_T16_Ep5e7_mu0.50,-3.709001303,-12.76634502,-7.33742094,100000,0.006,2450,18,16,0.108,50000000
p100000_ds0.007_rho2500_nH18_T18_Ep5e7_mu0.50,-3.739865541,-12.66355133,-6.956786156,100000,0.007,2500,18,18,0.126,50000000
p100000_ds0.005_rho2450_nH18_T16_Ep5e7_mu0.50,-3.670755386,-12.13344097,-5.972639084,100000,0.005,2450,18,16,0.09,50000000
p100000_ds0.005_rho2650_nH18_T18_Ep5e7_mu0.50,-3.773585796,-12.69160748,-6.660861492,100000,0.005,2650,18,18,0.09,50000000
p100000_ds0.005_rho2350_nH18_T18_Ep5e7_mu0.50,-3.718062639,-12.37257957,-6.215456009,100000,0.005,2350,18,18,0.09,50000000
p100000_ds0.006_rho2450_nH18_T18_Ep5e7_mu0.50,-3.765459061,-12.61249924,-6.4464221,100000,0.006,2450,18,18,0.108,50000000
p100000_ds0.004_rho2550_nH18_T16_Ep5e7_mu0.50,-3.794964075,-12.54304695,-6.131123066,100000,0.004,2550,18,16,0.072,50000000
p100000_ds0.004_rho2550_nH18_T14_Ep5e7_mu0.50,-3.71863389,-12.01116467,-5.218291283,100000,0.004,2550,18,14,0.072,50000000
p100000_ds0.004_rho2600_nH18_T10_Ep5e7_mu0.50,-3.799218416,-12.18327904,-5.124140263,100000,0.004,2600,18,10,0.072,50000000
p100000_ds0.006_rho2600_nH18_T10_Ep5e7_mu0.50,-4.022667408,-13.07544231,-5.949834347,100000,0.006,2600,18,10,0.108,50000000
p100000_ds0.004_rho2450_nH18_T12_Ep5e7_mu0.50,-3.883903503,-12.32146168,-4.87462759,100000,0.004,2450,18,12,0.072,50000000
p80000_ds0.007_rho2550_nH15_T20_Ep5e7_mu0.50,-3.809269428,-13.86685467,-9.712443352,80000,0.007,2550,15,20,0.105,50000000
p80000_ds0.006_rho2450_nH15_T18_Ep5e7_mu0.50,-3.885418415,-14.03504372,-9.511188507,80000,0.006,2450,15,18,0.09,50000000
p50000_ds0.006_rho2450_nH10_T12_Ep5e7_mu0.50,-4.069415092,-16.03870201,-13.64475632,50000,0.006,2450,10,12,0.06,50000000
p60000_ds0.006_rho2600_nH12_T14_Ep5e7_mu0.50,-4.010831356,-15.10395813,-11.51172256,60000,0.006,2600,12,14,0.072,50000000
p50000_ds0.004_rho2600_nH10_T14_Ep5e7_mu0.50,-4.126513004,-15.96209812,-12.7957468,50000,0.004,2600,10,14,0.04,50000000
p50000_ds0.005_rho2600_nH10_T14_Ep5e7_mu0.50,-4.112443447,-15.71831989,-12.3174448,50000,0.005,2600,10,14,0.05,50000000
p50000_ds0.004_rho2550_nH10_T16_Ep5e7_mu0.50,-4.153046608,-15.76269817,-12.10053062,50000,0.004,2550,10,16,0.04,50000000
p90000_ds0.008_rho2600_nH18_T12_Ep5e7_mu0.50,-3.857792377,-13.0766077,-7.205709457,90000,0.008,2600,18,12,0.144,50000000
p90000_ds0.005_rho2450_nH18_T16_Ep5e7_mu0.50,-3.863276958,-13.14801788,-7.270134926,90000,0.005,2450,18,16,0.09,50000000
p100000_ds0.006_rho2600_nH20_T18_Ep5e7_mu0.50,-3.812513351,-12.65543365,-6.381763935,100000,0.006,2600,20,18,0.12,50000000
p100000_ds0.005_rho2650_nH20_T18_Ep5e7_mu0.50,-3.870900869,-13.01498127,-6.84444952,100000,0.005,2650,20,18,0.1,50000000
p100000_ds0.004_rho2550_nH20_T14_Ep5e7_mu0.50,-3.785465956,-12.48319817,-6.001312256,100000,0.004,2550,20,14,0.08,50000000
p50000_ds0.003_rho2400_nH10_T18_Ep5e7_mu0.50,-4.046358109,-13.94671822,-7.77408886,50000,0.003,2400,10,18,0.03,50000000
p50000_ds0.003_rho2350_nH10_T16_Ep5e7_mu0.50,-4.12907362,-14.32273197,-8.218615532,50000,0.003,2350,10,16,0.03,50000000
p100000_ds0.005_rho2350_nH20_T20_Ep5e7_mu0.50,-3.840393782,-12.41731548,-5.513493538,100000,0.005,2350,20,20,0.1,50000000
p100000_ds0.005_rho2350_nH20_T16_Ep5e7_mu0.50,-3.840063095,-12.47706127,-5.528345108,100000,0.005,2350,20,16,0.1,50000000
p50000_ds0.003_rho2400_nH10_T20_Ep5e7_mu0.50,-3.972967386,-13.19040966,-6.295648575,50000,0.003,2400,10,20,0.03,50000000
p50000_ds0.003_rho2350_nH10_T14_Ep5e7_mu0.50,-4.081903458,-13.66211987,-6.834946156,50000,0.003,2350,10,14,0.03,50000000
p100000_ds0.004_rho2550_nH20_T16_Ep5e7_mu0.50,-3.906566381,-12.44720459,-4.981590748,100000,0.004,2550,20,16,0.08,50000000
p100000_ds0.003_rho2650_nH20_T12_Ep5e7_mu0.50,-3.772714376,-11.50546074,-3.449136019,100000,0.003,2650,20,12,0.06,50000000
p100000_ds0.006_rho2650_nH20_T14_Ep5e7_mu0.50,-3.948174477,-12.37527466,-4.479147434,100000,0.006,2650,20,14,0.12,50000000
p100000_ds0.003_rho2650_nH20_T16_Ep5e7_mu0.50,-3.752469301,-11.25948143,-2.792142868,100000,0.003,2650,20,16,0.06,50000000
p100000_ds0.003_rho2600_nH20_T14_Ep5e7_mu0.50,-3.805962324,-11.33171463,-2.629607677,100000,0.003,2600,20,14,0.06,50000000
p100000_ds0.003_rho2350_nH20_T20_Ep5e7_mu0.50,-3.773470402,-10.90196896,-1.749408603,100000,0.003,2350,20,20,0.06,50000000
p100000_ds0.004_rho2450_nH20_T14_Ep5e7_mu0.50,-3.813069582,-10.69660187,-0.825422049,100000,0.004,2450,20,14,0.08,50000000
p85000_ds0.009_rho2900_nH18_T10_Ep5e7_mu0.50,-4.124592781,-13.71204758,-6.912454128,85000,0.009,2900,18,10,0.162,50000000
p80000_ds0.003_rho2400_nH18_T12_Ep5e7_mu0.50,-3.934831858,-12.75165081,-5.453266144,80000,0.003,2400,18,12,0.054,50000000
p50000_ds0.008_rho2300_nH12_T18_Ep5e7_mu0.50,-3.977854967,-16.08034325,-14.37513065,50000,0.008,2300,12,18,0.096,50000000
p50000_ds0.006_rho2450_nH12_T14_Ep5e7_mu0.50,-4.187681198,-16.60416031,-14.23775673,50000,0.006,2450,12,14,0.072,50000000
p100000_ds0.007_rho2700_nH12_T18_Ep1e8_mu0.50,-3.822002888,-14.51863289,-11.12674904,100000,0.007,2700,12,18,0.084,100000000
p50000_ds0.005_rho2650_nH12_T10_Ep5e7_mu0.50,-4.202563763,-16.0608387,-12.75568008,50000,0.005,2650,12,10,0.06,50000000
p50000_ds0.004_rho2600_nH12_T16_Ep5e7_mu0.50,-4.298497677,-16.4965744,-13.07058811,50000,0.004,2600,12,16,0.048,50000000
p50000_ds0.004_rho2450_nH12_T10_Ep5e7_mu0.50,-4.320815563,-16.00116158,-11.54534054,50000,0.004,2450,12,10,0.048,50000000
p50000_ds0.003_rho2650_nH12_T20_Ep5e7_mu0.50,-4.176093578,-14.93556213,-9.678607941,50000,0.003,2650,12,20,0.036,50000000
p40000_ds0.003_rho2600_nH10_T10_Ep5e7_mu0.50,-4.258194447,-16.22083092,-12.52217674,40000,0.003,2600,10,10,0.03,50000000
p60000_ds0.004_rho2400_nH15_T18_Ep5e7_mu0.50,-3.684178352,-13.01512432,-8.089113235,60000,0.004,2400,15,18,0.06,50000000
p40000_ds0.003_rho2650_nH10_T12_Ep5e7_mu0.50,-4.321928978,-16.15870476,-11.87195396,40000,0.003,2650,10,12,0.03,50000000
p100000_ds0.006_rho2600_nH25_T20_Ep5e7_mu0.50,-3.918426037,-13.01313114,-6.508327007,100000,0.006,2600,25,20,0.15,50000000
p100000_ds0.005_rho2350_nH25_T20_Ep5e7_mu0.50,-3.851591349,-12.71276283,-6.093340874,100000,0.005,2350,25,20,0.125,50000000
p100000_ds0.004_rho2550_nH25_T14_Ep5e7_mu0.50,-3.896862507,-12.71961212,-5.855017662,100000,0.004,2550,25,14,0.1,50000000
p100000_ds0.005_rho2350_nH25_T16_Ep5e7_mu0.50,-3.99129343,-12.81074142,-5.388637066,100000,0.005,2350,25,16,0.125,50000000
p100000_ds0.003_rho2600_nH25_T16_Ep5e7_mu0.50,-3.843069077,-12.03630924,-4.224311829,100000,0.003,2600,25,16,0.075,50000000
p100000_ds0.003_rho2350_nH25_T20_Ep5e7_mu0.50,-3.746402979,-11.48160362,-3.34766078,100000,0.003,2350,25,20,0.075,50000000
p100000_ds0.006_rho2650_nH25_T14_Ep5e7_mu0.50,-4.006288052,-12.69807625,-4.962841988,100000,0.006,2650,25,14,0.15,50000000
p100000_ds0.003_rho2650_nH25_T16_Ep5e7_mu0.50,-3.854872704,-11.97700119,-3.794603109,100000,0.003,2650,25,16,0.075,50000000
p45000_ds0.008_rho2300_nH12_T18_Ep5e7_mu0.50,-4.114542007,-16.85961151,-15.49892712,45000,0.008,2300,12,18,0.096,50000000
p70000_ds0.004_rho2400_nH20_T16_Ep5e7_mu0.50,-4.173099995,-14.52922821,-8.710526466,70000,0.004,2400,20,16,0.08,50000000
p40000_ds0.005_rho2500_nH12_T16_Ep5e7_mu0.50,-4.376546383,-18.08133316,-16.85911179,40000,0.005,2500,12,16,0.06,50000000
p40000_ds0.006_rho2600_nH12_T14_Ep5e7_mu0.50,-4.356289387,-17.90804291,-16.57584572,40000,0.006,2600,12,14,0.072,50000000
p40000_ds0.006_rho2500_nH12_T18_Ep5e7_mu0.50,-4.319578648,-17.6591835,-16.11818123,40000,0.006,2500,12,18,0.072,50000000
p40000_ds0.006_rho2650_nH12_T16_Ep5e7_mu0.50,-4.412540913,-17.96102715,-16.34749413,40000,0.006,2650,12,16,0.072,50000000
p50000_ds0.006_rho2500_nH15_T16_Ep5e7_mu0.50,-4.17165184,-16.47025108,-14.10865211,50000,0.006,2500,15,16,0.09,50000000
p40000_ds0.006_rho2650_nH12_T18_Ep5e7_mu0.50,-4.399587154,-17.70494843,-15.69783306,40000,0.006,2650,12,18,0.072,50000000
p50000_ds0.005_rho2650_nH15_T12_Ep5e7_mu0.50,-4.219147682,-16.25295639,-13.20131397,50000,0.005,2650,15,12,0.075,50000000
p50000_ds0.006_rho2500_nH15_T14_Ep5e7_mu0.50,-4.337901115,-16.75941849,-13.61842442,50000,0.006,2500,15,14,0.09,50000000
p50000_ds0.006_rho2500_nH15_T12_Ep5e7_mu0.50,-4.353493214,-16.72885704,-13.50095654,50000,0.006,2500,15,12,0.09,50000000
p50000_ds0.005_rho2500_nH15_T20_Ep5e7_mu0.50,-4.251928806,-16.21340561,-12.70619106,50000,0.005,2500,15,20,0.075,50000000
p50000_ds0.003_rho2600_nH15_T10_Ep5e7_mu0.50,-4.2336936,-15.78103828,-11.58421898,50000,0.003,2600,15,10,0.045,50000000
p40000_ds0.003_rho2650_nH12_T10_Ep5e7_mu0.50,-4.368429661,-16.32492638,-12.09786797,40000,0.003,2650,12,10,0.036,50000000
p50000_ds0.003_rho2650_nH15_T12_Ep5e7_mu0.50,-4.278343201,-15.7196722,-11.0707283,50000,0.003,2650,15,12,0.045,50000000
p100000_ds0.006_rho2600_nH30_T20_Ep5e7_mu0.50,-3.829117298,-12.89601803,-6.828082561,100000,0.006,2600,30,20,0.18,50000000
p100000_ds0.005_rho2350_nH30_T16_Ep5e7_mu0.50,-3.883699656,-12.7161274,-6.118308067,100000,0.005,2350,30,16,0.15,50000000
p100000_ds0.004_rho2900_nH30_T18_Ep5e7_mu0.50,-3.654135942,-11.2632618,-3.74462986,100000,0.004,2900,30,18,0.12,50000000
p100000_ds0.003_rho2600_nH30_T16_Ep5e7_mu0.50,-3.932264566,-12.54898453,-5.185358047,100000,0.003,2600,30,16,0.09,50000000
p65000_ds0.006_rho2600_nH10_T20_Ep1e8_mu0.50,-3.996146441,-16.65252876,-15.59833527,65000,0.006,2600,10,20,0.06,100000000
p30000_ds0.005_rho2650_nH10_T18_Ep5e7_mu0.50,-4.606817722,-20.20354843,-20.88710785,30000,0.005,2650,10,18,0.05,50000000
p30000_ds0.005_rho2650_nH10_T16_Ep5e7_mu0.50,-4.591573715,-19.42531013,-18.88638496,30000,0.005,2650,10,16,0.05,50000000
p60000_ds0.005_rho2500_nH20_T18_Ep5e7_mu0.50,-4.495177269,-16.05041122,-10.51643562,60000,0.005,2500,20,18,0.1,50000000
p85000_ds0.010_rho2300_nH30_T16_Ep5e7_mu0.50,-4.338843822,-14.50838661,-7.480072498,85000,0.01,2300,30,16,0.3,50000000
p50000_ds0.004_rho2500_nH18_T18_Ep5e7_mu0.50,-4.384871006,-16.780756,-13.25637245,50000,0.004,2500,18,18,0.072,50000000
p50000_ds0.005_rho2650_nH18_T16_Ep5e7_mu0.50,-4.498140812,-16.70864105,-12.24016285,50000,0.005,2650,18,16,0.09,50000000
p50000_ds0.006_rho2500_nH18_T12_Ep5e7_mu0.50,-4.63151598,-16.88822365,-11.91494274,50000,0.006,2500,18,12,0.108,50000000
p50000_ds0.006_rho2550_nH18_T10_Ep5e7_mu0.50,-4.687507153,-16.54620934,-10.46105194,50000,0.006,2550,18,10,0.108,50000000
p50000_ds0.006_rho2650_nH18_T10_Ep5e7_mu0.50,-4.744143486,-16.86552238,-10.88231754,50000,0.006,2650,18,10,0.108,50000000
p50000_ds0.006_rho2350_nH18_T10_Ep5e7_mu0.50,-4.782622814,-17.02962494,-10.94113159,50000,0.006,2350,18,10,0.108,50000000
p55000_ds0.007_rho2300_nH20_T10_Ep5e7_mu0.50,-4.747124195,-16.92845726,-10.97468281,55000,0.007,2300,20,10,0.14,50000000
p40000_ds0.006_rho2600_nH15_T16_Ep5e7_mu0.50,-4.488386631,-18.45434952,-17.18254089,40000,0.006,2600,15,16,0.09,50000000
p40000_ds0.005_rho2650_nH15_T20_Ep5e7_mu0.50,-4.404678822,-18.07039261,-16.63581276,40000,0.005,2650,15,20,0.075,50000000
p40000_ds0.005_rho2650_nH15_T18_Ep5e7_mu0.50,-4.443309784,-18.02053642,-16.23080254,40000,0.005,2650,15,18,0.075,50000000
p40000_ds0.006_rho2600_nH15_T14_Ep5e7_mu0.50,-4.490864754,-18.12669754,-16.16104317,40000,0.006,2600,15,14,0.09,50000000
p40000_ds0.003_rho2650_nH15_T10_Ep5e7_mu0.50,-4.53451395,-17.86078835,-15.05948162,40000,0.003,2650,15,10,0.045,50000000
p40000_ds0.003_rho2550_nH15_T16_Ep5e7_mu0.50,-4.516794682,-17.64322662,-14.52686119,40000,0.003,2550,15,16,0.045,50000000
p40000_ds0.003_rho2550_nH15_T14_Ep5e7_mu0.50,-4.37513113,-16.77313614,-13.21468735,40000,0.003,2550,15,14,0.045,50000000
p25000_ds0.006_rho2500_nH10_T10_Ep5e7_mu0.50,-4.555249691,-20.58006287,-22.56994247,25000,0.006,2500,10,10,0.06,50000000
p25000_ds0.006_rho2550_nH10_T10_Ep5e7_mu0.50,-4.734791756,-21.76337242,-24.35937881,25000,0.006,2550,10,10,0.06,50000000
p25000_ds0.007_rho2500_nH10_T18_Ep5e7_mu0.50,-4.732397079,-21.12534142,-22.5112896,25000,0.007,2500,10,18,0.07,50000000
p30000_ds0.005_rho2650_nH12_T18_Ep5e7_mu0.50,-4.62139082,-19.88459778,-19.92558289,30000,0.005,2650,12,18,0.06,50000000
p25000_ds0.005_rho2550_nH10_T16_Ep5e7_mu0.50,-4.644560337,-20.07369423,-20.21278,25000,0.005,2550,10,16,0.05,50000000
p30000_ds0.005_rho2500_nH12_T10_Ep5e7_mu0.50,-4.716928005,-20.10376167,-19.90182495,30000,0.005,2500,12,10,0.06,50000000
p25000_ds0.004_rho2650_nH10_T12_Ep5e7_mu0.50,-4.847705841,-21.01848412,-21.24406624,25000,0.004,2650,10,12,0.04,50000000
p25000_ds0.004_rho2550_nH10_T16_Ep5e7_mu0.50,-4.734785557,-20.09540558,-19.5596199,25000,0.004,2550,10,16,0.04,50000000
p30000_ds0.004_rho2500_nH12_T16_Ep5e7_mu0.50,-4.662248611,-19.59673691,-18.76365662,30000,0.004,2500,12,16,0.048,50000000
p75000_ds0.007_rho2300_nH15_T12_Ep1e8_mu0.50,-4.459402561,-18.29104996,-16.81437874,75000,0.007,2300,15,12,0.105,100000000
p30000_ds0.004_rho2350_nH12_T16_Ep5e7_mu0.50,-4.613083839,-19.06651497,-17.80007744,30000,0.004,2350,12,16,0.048,50000000
p30000_ds0.004_rho2500_nH12_T18_Ep5e7_mu0.50,-4.616555691,-18.94177628,-17.29473114,30000,0.004,2500,12,18,0.048,50000000
p30000_ds0.003_rho2400_nH12_T10_Ep5e7_mu0.50,-4.763437271,-18.98702812,-16.3059597,30000,0.003,2400,12,10,0.036,50000000
p50000_ds0.005_rho2650_nH20_T16_Ep5e7_mu0.50,-4.687774658,-17.22986221,-12.18917751,50000,0.005,2650,20,16,0.1,50000000
p50000_ds0.005_rho2650_nH20_T12_Ep5e7_mu0.50,-4.689501762,-16.93891144,-11.58503342,50000,0.005,2650,20,12,0.1,50000000
p50000_ds0.006_rho2450_nH20_T16_Ep5e7_mu0.50,-4.644675732,-16.8503418,-11.52754498,50000,0.006,2450,20,16,0.12,50000000
p50000_ds0.006_rho2500_nH20_T14_Ep5e7_mu0.50,-4.743674755,-17.15127945,-11.71263695,50000,0.006,2500,20,14,0.12,50000000
p50000_ds0.006_rho2350_nH20_T10_Ep5e7_mu0.50,-4.891321182,-17.40416336,-11.26411152,50000,0.006,2350,20,10,0.12,50000000
p50000_ds0.006_rho2550_nH20_T10_Ep5e7_mu0.50,-4.87517786,-17.17051315,-10.6173687,50000,0.006,2550,20,10,0.12,50000000
p95000_ds0.010_rho2600_nH10_T10_Ep2e8_mu0.50,-4.543864727,-20.03925133,-21.03945541,95000,0.01,2600,10,10,0.1,200000000
p40000_ds0.004_rho2650_nH18_T18_Ep5e7_mu0.50,-4.612698555,-17.89810753,-14.51358986,40000,0.004,2650,18,18,0.072,50000000
p40000_ds0.005_rho2550_nH18_T16_Ep5e7_mu0.50,-4.864071369,-18.97449112,-15.60922241,40000,0.005,2550,18,16,0.09,50000000
p40000_ds0.006_rho2600_nH18_T16_Ep5e7_mu0.50,-4.916182518,-19.08750916,-15.58267593,40000,0.006,2600,18,16,0.108,50000000
p40000_ds0.006_rho2650_nH18_T14_Ep5e7_mu0.50,-4.890560627,-18.70832634,-14.8529911,40000,0.006,2650,18,14,0.108,50000000
p40000_ds0.003_rho2550_nH18_T16_Ep5e7_mu0.50,-4.707837582,-17.87386894,-13.67999649,40000,0.003,2550,18,16,0.054,50000000
p40000_ds0.004_rho2550_nH18_T12_Ep5e7_mu0.50,-4.830365181,-18.16147423,-13.79621601,40000,0.004,2550,18,12,0.072,50000000
p85000_ds0.006_rho2700_nH10_T12_Ep2e8_mu0.50,-4.365513325,-18.91134834,-19.0057354,85000,0.006,2700,10,12,0.06,200000000
p25000_ds0.007_rho2500_nH12_T20_Ep5e7_mu0.50,-4.726178169,-20.85024643,-21.85407448,25000,0.007,2500,12,20,0.084,50000000
p25000_ds0.006_rho2600_nH12_T12_Ep5e7_mu0.50,-4.782790661,-20.87055588,-21.4614315,25000,0.006,2600,12,12,0.072,50000000
p25000_ds0.004_rho2500_nH12_T16_Ep5e7_mu0.50,-4.819137096,-20.85271454,-21.04386902,25000,0.004,2500,12,16,0.048,50000000
p25000_ds0.004_rho2550_nH12_T18_Ep5e7_mu0.50,-4.909883022,-21.23389626,-21.40171051,25000,0.004,2550,12,18,0.048,50000000
p25000_ds0.004_rho2400_nH12_T12_Ep5e7_mu0.50,-4.802310467,-20.52885246,-20.33499527,25000,0.004,2400,12,12,0.048,50000000
p25000_ds0.004_rho2550_nH12_T16_Ep5e7_mu0.50,-4.844582081,-20.62132645,-20.22039795,25000,0.004,2550,12,16,0.048,50000000
p25000_ds0.004_rho2500_nH12_T18_Ep5e7_mu0.50,-4.878205776,-20.72005081,-20.2345562,25000,0.004,2500,12,18,0.048,50000000
p25000_ds0.003_rho2450_nH12_T14_Ep5e7_mu0.50,-4.884736061,-20.26283073,-18.8873024,25000,0.003,2450,12,14,0.036,50000000
p25000_ds0.003_rho2450_nH12_T12_Ep5e7_mu0.50,-4.800048351,-19.90399361,-18.46207237,25000,0.003,2450,12,12,0.036,50000000
p20000_ds0.006_rho2500_nH10_T10_Ep5e7_mu0.50,-4.751532555,-22.40581703,-26.16244125,20000,0.006,2500,10,10,0.06,50000000
p20000_ds0.004_rho2650_nH10_T12_Ep5e7_mu0.50,-4.965478897,-22.04738235,-23.27212906,20000,0.004,2650,10,12,0.04,50000000
p30000_ds0.005_rho2650_nH15_T18_Ep5e7_mu0.50,-4.817477226,-20.37781143,-19.86460114,30000,0.005,2650,15,18,0.075,50000000
p30000_ds0.007_rho2550_nH15_T18_Ep5e7_mu0.50,-4.833377361,-20.26727676,-19.47880173,30000,0.007,2550,15,18,0.105,50000000
p30000_ds0.006_rho2450_nH15_T16_Ep5e7_mu0.50,-4.808408737,-20.00277901,-18.99801445,30000,0.006,2450,15,16,0.09,50000000
p30000_ds0.004_rho2350_nH15_T16_Ep5e7_mu0.50,-4.812004089,-20.15867424,-19.25959396,30000,0.004,2350,15,16,0.06,50000000
p30000_ds0.006_rho2600_nH15_T12_Ep5e7_mu0.50,-4.972126484,-20.6025486,-19.41888809,30000,0.006,2600,15,12,0.09,50000000
p30000_ds0.005_rho2600_nH15_T12_Ep5e7_mu0.50,-4.89966774,-19.7941227,-17.78357697,30000,0.005,2600,15,12,0.075,50000000
p40000_ds0.004_rho2550_nH20_T14_Ep5e7_mu0.50,-4.822425842,-18.55122566,-14.88226318,40000,0.004,2550,20,14,0.08,50000000
p40000_ds0.004_rho2550_nH20_T10_Ep5e7_mu0.50,-4.925790787,-18.94565582,-15.27141285,40000,0.004,2550,20,10,0.08,50000000
p40000_ds0.005_rho2550_nH20_T18_Ep5e7_mu0.50,-4.913417816,-18.78732872,-14.77454281,40000,0.005,2550,20,18,0.1,50000000
p50000_ds0.005_rho2650_nH25_T16_Ep5e7_mu0.50,-4.729337215,-17.04309082,-11.49869442,50000,0.005,2650,25,16,0.125,50000000
p50000_ds0.006_rho2450_nH25_T16_Ep5e7_mu0.50,-4.843305588,-17.22572899,-11.09526157,50000,0.006,2450,25,16,0.15,50000000
p40000_ds0.003_rho2650_nH20_T12_Ep5e7_mu0.50,-5.003755093,-18.20698166,-12.40294743,40000,0.003,2650,20,12,0.06,50000000
p50000_ds0.006_rho2550_nH25_T10_Ep5e7_mu0.50,-4.948469162,-17.14476013,-10.25596142,50000,0.006,2550,25,10,0.15,50000000
p50000_ds0.006_rho2500_nH25_T14_Ep5e7_mu0.50,-4.794401169,-16.03981781,-8.304298401,50000,0.006,2500,25,14,0.15,50000000
p70000_ds0.008_rho2800_nH18_T20_Ep1e8_mu0.50,-4.715771675,-19.62264061,-18.50354767,70000,0.008,2800,18,20,0.144,100000000
p55000_ds0.007_rho2600_nH30_T10_Ep5e7_mu0.50,-5.076619148,-17.77211571,-10.79424095,55000,0.007,2600,30,10,0.21,50000000
p85000_ds0.006_rho2800_nH12_T20_Ep2e8_mu0.50,-4.388857365,-18.45430565,-17.59189796,85000,0.006,2800,12,20,0.072,200000000
p20000_ds0.006_rho2500_nH12_T10_Ep5e7_mu0.50,-5.016728878,-22.00241852,-23.05351639,20000,0.006,2500,12,10,0.072,50000000
p20000_ds0.004_rho2400_nH12_T12_Ep5e7_mu0.50,-5.116112709,-22.94355774,-24.64482307,20000,0.004,2400,12,12,0.048,50000000
p20000_ds0.004_rho2500_nH12_T16_Ep5e7_mu0.50,-5.053765297,-22.63492393,-24.20824051,20000,0.004,2500,12,16,0.048,50000000
p20000_ds0.004_rho2500_nH12_T18_Ep5e7_mu0.50,-4.985472679,-22.29307556,-23.73799133,20000,0.004,2500,12,18,0.048,50000000
p25000_ds0.006_rho2550_nH15_T14_Ep5e7_mu0.50,-5.074222088,-22.16934967,-22.89307785,25000,0.006,2550,15,14,0.09,50000000
p20000_ds0.004_rho2500_nH12_T14_Ep5e7_mu0.50,-5.101586342,-22.61213875,-23.68750572,20000,0.004,2500,12,14,0.048,50000000
p25000_ds0.007_rho2650_nH15_T18_Ep5e7_mu0.50,-4.978312016,-21.41609573,-21.56649208,25000,0.007,2650,15,18,0.105,50000000
p25000_ds0.005_rho2500_nH15_T18_Ep5e7_mu0.50,-4.981431961,-21.35759163,-21.38428879,25000,0.005,2500,15,18,0.075,50000000
p25000_ds0.006_rho2600_nH15_T14_Ep5e7_mu0.50,-5.091230869,-21.90689278,-22.03880882,25000,0.006,2600,15,14,0.09,50000000
p25000_ds0.005_rho2500_nH15_T20_Ep5e7_mu0.50,-5.01418066,-21.46489143,-21.2654953,25000,0.005,2500,15,20,0.075,50000000
p30000_ds0.006_rho2450_nH18_T18_Ep5e7_mu0.50,-5.043971539,-20.63955688,-18.93212891,30000,0.006,2450,18,18,0.108,50000000
p30000_ds0.005_rho2400_nH18_T18_Ep5e7_mu0.50,-5.08519125,-20.93857956,-19.38490486,30000,0.005,2400,18,18,0.09,50000000
p25000_ds0.004_rho2350_nH15_T10_Ep5e7_mu0.50,-5.06786871,-20.74386024,-18.93037224,25000,0.004,2350,15,10,0.06,50000000
p30000_ds0.005_rho2450_nH18_T16_Ep5e7_mu0.50,-5.113169193,-20.83924103,-18.89130402,30000,0.005,2450,18,16,0.09,50000000
p30000_ds0.005_rho2450_nH18_T14_Ep5e7_mu0.50,-5.047595501,-20.38260078,-18.15357399,30000,0.005,2450,18,14,0.09,50000000
p30000_ds0.006_rho2600_nH18_T14_Ep5e7_mu0.50,-5.167775631,-20.67332268,-18.00556946,30000,0.006,2600,18,14,0.108,50000000
p30000_ds0.003_rho2400_nH18_T12_Ep5e7_mu0.50,-5.081799507,-19.85456085,-16.35180092,30000,0.003,2400,18,12,0.054,50000000
p30000_ds0.006_rho2600_nH18_T10_Ep5e7_mu0.50,-5.304593563,-20.37571144,-16.38143158,30000,0.006,2600,18,10,0.108,50000000
p50000_ds0.007_rho2600_nH30_T10_Ep5e7_mu0.50,-5.267974854,-18.52096176,-11.58535957,50000,0.007,2600,30,10,0.21,50000000
p65000_ds0.007_rho2900_nH10_T12_Ep2e8_mu0.50,-4.661736488,-21.8651638,-24.97530937,65000,0.007,2900,10,12,0.07,200000000
p40000_ds0.004_rho2550_nH25_T14_Ep5e7_mu0.50,-5.088929653,-19.01529121,-14.03898811,40000,0.004,2550,25,14,0.1,50000000
p40000_ds0.003_rho2650_nH25_T12_Ep5e7_mu0.50,-4.937947273,-17.93580246,-12.31646824,40000,0.003,2650,25,12,0.075,50000000
p15000_ds0.005_rho2500_nH10_T10_Ep5e7_mu0.50,-4.985639095,-23.72624779,-27.99361992,15000,0.005,2500,10,10,0.05,50000000
p15000_ds0.004_rho2600_nH10_T18_Ep5e7_mu0.50,-5.443096638,-25.41449547,-28.82233047,15000,0.004,2600,10,18,0.04,50000000
p15000_ds0.004_rho2600_nH10_T20_Ep5e7_mu0.50,-5.264252663,-24.24201393,-26.90494728,15000,0.004,2600,10,20,0.04,50000000
p45000_ds0.008_rho2400_nH15_T14_Ep1e8_mu0.50,-5.030467987,-22.53017044,-24.11676216,45000,0.008,2400,15,14,0.12,100000000
p15000_ds0.003_rho2400_nH10_T10_Ep5e7_mu0.50,-5.298920155,-24.05239296,-26.20379448,15000,0.003,2400,10,10,0.03,50000000
p30000_ds0.009_rho2400_nH20_T16_Ep5e7_mu0.50,-5.466530323,-22.48515701,-20.67797279,30000,0.009,2400,20,16,0.18,50000000
p30000_ds0.005_rho2450_nH20_T16_Ep5e7_mu0.50,-5.265264511,-20.90094566,-17.86268234,30000,0.005,2450,20,16,0.1,50000000
p30000_ds0.006_rho2600_nH20_T14_Ep5e7_mu0.50,-5.33454895,-20.99685669,-17.59568405,30000,0.006,2600,20,14,0.12,50000000
p30000_ds0.005_rho2550_nH20_T14_Ep5e7_mu0.50,-5.429040432,-21.48763847,-18.24177551,30000,0.005,2550,20,14,0.1,50000000
p30000_ds0.003_rho2400_nH20_T12_Ep5e7_mu0.50,-5.251988411,-20.31775093,-16.31367111,30000,0.003,2400,20,12,0.06,50000000
p30000_ds0.007_rho2450_nH20_T12_Ep5e7_mu0.50,-5.503680706,-21.41431427,-17.57232857,30000,0.007,2450,20,12,0.14,50000000
p30000_ds0.006_rho2650_nH20_T12_Ep5e7_mu0.50,-5.467255592,-20.80127525,-16.23926926,30000,0.006,2650,20,12,0.12,50000000
p30000_ds0.006_rho2600_nH20_T10_Ep5e7_mu0.50,-5.518351555,-20.95790482,-16.18328667,30000,0.006,2600,20,10,0.12,50000000
p85000_ds0.007_rho2900_nH15_T18_Ep2e8_mu0.50,-4.78937149,-21.51135254,-23.01848984,85000,0.007,2900,15,18,0.105,200000000
p85000_ds0.009_rho2300_nH15_T14_Ep2e8_mu0.50,-5.085998535,-22.79974556,-24.38569069,85000,0.009,2300,15,14,0.135,200000000
p25000_ds0.003_rho2400_nH18_T16_Ep5e7_mu0.50,-5.06781435,-21.31365204,-20.44208717,25000,0.003,2400,18,16,0.054,50000000
p250000_ds0.009_rho2400_nH18_T12_Ep5e8_mu0.50,-4.964549065,-20.66301537,-19.46470833,250000,0.009,2400,18,12,0.162,500000000
p25000_ds0.005_rho2500_nH18_T20_Ep5e7_mu0.50,-5.367650986,-22.63182449,-21.85828781,25000,0.005,2500,18,20,0.09,50000000
p25000_ds0.005_rho2650_nH18_T16_Ep5e7_mu0.50,-5.396668434,-22.43730736,-21.09691048,25000,0.005,2650,18,16,0.09,50000000
p25000_ds0.004_rho2650_nH18_T12_Ep5e7_mu0.50,-5.312748909,-21.83888245,-20.14563942,25000,0.004,2650,18,12,0.072,50000000
p25000_ds0.004_rho2550_nH18_T14_Ep5e7_mu0.50,-5.207749844,-21.20814323,-19.04510307,25000,0.004,2550,18,14,0.072,50000000
p25000_ds0.006_rho2450_nH18_T10_Ep5e7_mu0.50,-5.710397243,-22.33631516,-18.59848404,25000,0.006,2450,18,10,0.108,50000000
p40000_ds0.008_rho2400_nH15_T14_Ep1e8_mu0.50,-5.159007072,-23.87991142,-26.91007805,40000,0.008,2400,15,14,0.12,100000000
p20000_ds0.007_rho2650_nH15_T18_Ep5e7_mu0.50,-5.250805855,-23.34019089,-24.85216141,20000,0.007,2650,15,18,0.105,50000000
p20000_ds0.007_rho2550_nH15_T12_Ep5e7_mu0.50,-5.451345921,-24.04598045,-25.33922768,20000,0.007,2550,15,12,0.105,50000000
p20000_ds0.005_rho2650_nH15_T16_Ep5e7_mu0.50,-5.209662437,-22.93953896,-23.97886467,20000,0.005,2650,15,16,0.075,50000000
p20000_ds0.006_rho2650_nH15_T16_Ep5e7_mu0.50,-5.437176704,-24.10419273,-25.46253395,20000,0.006,2650,15,16,0.09,50000000
p20000_ds0.004_rho2550_nH15_T14_Ep5e7_mu0.50,-5.265636921,-23.09841728,-23.88155174,20000,0.004,2550,15,14,0.06,50000000
p20000_ds0.004_rho2350_nH15_T10_Ep5e7_mu0.50,-5.390084743,-23.05783081,-22.86179543,20000,0.004,2350,15,10,0.06,50000000
p40000_ds0.003_rho2650_nH30_T12_Ep5e7_mu0.50,-5.007521152,-17.60627556,-10.9071455,40000,0.003,2650,30,12,0.09,50000000
p15000_ds0.007_rho2450_nH12_T10_Ep5e7_mu0.50,-5.382842541,-25.11805916,-29.02797508,15000,0.007,2450,12,10,0.084,50000000
p15000_ds0.007_rho2400_nH12_T16_Ep5e7_mu0.50,-5.245397568,-25.08878326,-29.64603806,15000,0.007,2400,12,16,0.084,50000000
p15000_ds0.005_rho2400_nH12_T14_Ep5e7_mu0.50,-5.403696537,-25.35867691,-29.08517265,15000,0.005,2400,12,14,0.06,50000000
p15000_ds0.007_rho2400_nH12_T18_Ep5e7_mu0.50,-5.53695488,-25.40563965,-28.2770977,15000,0.007,2400,12,18,0.084,50000000
p15000_ds0.003_rho2650_nH12_T10_Ep5e7_mu0.50,-5.337854862,-24.48885155,-27.14751816,15000,0.003,2650,12,10,0.036,50000000
p15000_ds0.003_rho2400_nH12_T10_Ep5e7_mu0.50,-5.23946619,-23.85436821,-26.08921623,15000,0.003,2400,12,10,0.036,50000000
p15000_ds0.003_rho2450_nH12_T16_Ep5e7_mu0.50,-5.487127304,-25.32508659,-28.18280792,15000,0.003,2450,12,16,0.036,50000000
p15000_ds0.003_rho2450_nH12_T14_Ep5e7_mu0.50,-5.240375042,-23.31767273,-24.59169197,15000,0.003,2450,12,14,0.036,50000000
p25000_ds0.003_rho2400_nH20_T16_Ep5e7_mu0.50,-5.290512085,-21.76621628,-20.04454422,25000,0.003,2400,20,16,0.06,50000000
p25000_ds0.009_rho2400_nH20_T16_Ep5e7_mu0.50,-5.652832031,-23.58734703,-22.31303596,25000,0.009,2400,20,16,0.18,50000000
p25000_ds0.005_rho2500_nH20_T18_Ep5e7_mu0.50,-5.5201931,-22.59138298,-20.62550926,25000,0.005,2500,20,18,0.1,50000000
p25000_ds0.006_rho2400_nH20_T16_Ep5e7_mu0.50,-5.508229256,-22.17163086,-19.6403904,25000,0.006,2400,20,16,0.12,50000000
p25000_ds0.005_rho2500_nH20_T16_Ep5e7_mu0.50,-5.446588039,-21.76747322,-18.98660088,25000,0.005,2500,20,16,0.1,50000000
p25000_ds0.004_rho2400_nH20_T14_Ep5e7_mu0.50,-5.487185001,-22.14923477,-19.51966476,25000,0.004,2400,20,14,0.08,50000000
p25000_ds0.006_rho2450_nH20_T12_Ep5e7_mu0.50,-5.702349663,-22.95606995,-20.15725517,25000,0.006,2450,20,12,0.12,50000000
p25000_ds0.004_rho2550_nH20_T10_Ep5e7_mu0.50,-5.66518116,-22.44849777,-19.05686378,25000,0.004,2550,20,10,0.08,50000000
p30000_ds0.005_rho2450_nH25_T16_Ep5e7_mu0.50,-5.391318321,-21.18557739,-17.72765732,30000,0.005,2450,25,16,0.125,50000000
p30000_ds0.007_rho2450_nH25_T12_Ep5e7_mu0.50,-5.587757111,-21.53712845,-17.36983299,30000,0.007,2450,25,12,0.175,50000000
p30000_ds0.006_rho2600_nH25_T10_Ep5e7_mu0.50,-5.72884798,-21.04308319,-14.93964958,30000,0.006,2600,25,10,0.15,50000000
p80000_ds0.006_rho2600_nH18_T20_Ep2e8_mu0.50,-4.865731716,-21.89367104,-23.45448112,80000,0.006,2600,18,20,0.108,200000000
p20000_ds0.003_rho2600_nH18_T18_Ep5e7_mu0.50,-5.425393581,-23.86165047,-24.68976974,20000,0.003,2600,18,18,0.054,50000000
p20000_ds0.004_rho2400_nH18_T18_Ep5e7_mu0.50,-5.448113918,-23.59104538,-23.81235695,20000,0.004,2400,18,18,0.072,50000000
p20000_ds0.007_rho2550_nH18_T12_Ep5e7_mu0.50,-5.84351778,-24.58360481,-23.8693161,20000,0.007,2550,18,12,0.126,50000000
p20000_ds0.006_rho2600_nH18_T12_Ep5e7_mu0.50,-5.823243618,-24.36001396,-23.35249329,20000,0.006,2600,18,12,0.108,50000000
p20000_ds0.004_rho2350_nH18_T10_Ep5e7_mu0.50,-5.628575325,-23.6007576,-22.53989983,20000,0.004,2350,18,10,0.072,50000000
p20000_ds0.004_rho2650_nH18_T12_Ep5e7_mu0.50,-5.593674183,-23.16291428,-21.65175438,20000,0.004,2650,18,12,0.072,50000000
p20000_ds0.003_rho2350_nH18_T10_Ep5e7_mu0.50,-5.534205914,-22.4925766,-20.25951958,20000,0.003,2350,18,10,0.054,50000000
p25000_ds0.006_rho2600_nH12_T18_Ep1e8_mu0.50,-5.190869331,-25.41350174,-30.66067123,25000,0.006,2600,12,18,0.072,100000000
p15000_ds0.007_rho2650_nH15_T18_Ep5e7_mu0.50,-5.548009872,-25.90739632,-29.68935204,15000,0.007,2650,15,18,0.105,50000000
p10000_ds0.003_rho2400_nH10_T10_Ep5e7_mu0.50,-5.512521267,-26.24165154,-30.65485001,10000,0.003,2400,10,10,0.03,50000000
p15000_ds0.007_rho2650_nH15_T16_Ep5e7_mu0.50,-5.615010262,-25.91744614,-29.21681404,15000,0.007,2650,15,16,0.105,50000000
p15000_ds0.005_rho2400_nH15_T14_Ep5e7_mu0.50,-5.65944767,-26.25709534,-29.70531654,15000,0.005,2400,15,14,0.075,50000000
p15000_ds0.007_rho2550_nH15_T14_Ep5e7_mu0.50,-5.781356335,-26.38414764,-29.22033501,15000,0.007,2550,15,14,0.105,50000000
p15000_ds0.006_rho2650_nH15_T14_Ep5e7_mu0.50,-5.630745888,-25.50356483,-27.89297867,15000,0.006,2650,15,14,0.09,50000000
p15000_ds0.007_rho2550_nH15_T16_Ep5e7_mu0.50,-5.715680122,-25.91472626,-28.4018116,15000,0.007,2550,15,16,0.105,50000000
p15000_ds0.003_rho2450_nH15_T16_Ep5e7_mu0.50,-5.45690012,-24.92545319,-27.37738991,15000,0.003,2450,15,16,0.045,50000000
p15000_ds0.004_rho2450_nH15_T14_Ep5e7_mu0.50,-5.634009838,-25.37153816,-27.4375248,15000,0.004,2450,15,14,0.06,50000000
p15000_ds0.004_rho2450_nH15_T12_Ep5e7_mu0.50,-5.764750481,-26.00345802,-28.17964554,15000,0.004,2450,15,12,0.06,50000000
p15000_ds0.003_rho2650_nH15_T10_Ep5e7_mu0.50,-5.559971333,-24.67808342,-26.09386635,15000,0.003,2650,15,10,0.045,50000000
p15000_ds0.004_rho2400_nH15_T10_Ep5e7_mu0.50,-5.637806416,-24.65125656,-25.53425598,15000,0.004,2400,15,10,0.06,50000000
p20000_ds0.003_rho2600_nH20_T20_Ep5e7_mu0.50,-5.491118908,-23.92588615,-24.41674232,20000,0.003,2600,20,20,0.06,50000000
p20000_ds0.005_rho2650_nH20_T18_Ep5e7_mu0.50,-5.607749939,-23.95346451,-23.69121361,20000,0.005,2650,20,18,0.1,50000000
p20000_ds0.006_rho2450_nH20_T16_Ep5e7_mu0.50,-5.881925583,-24.64422035,-23.47206879,20000,0.006,2450,20,16,0.12,50000000
p20000_ds0.006_rho2600_nH20_T12_Ep5e7_mu0.50,-6.020783901,-24.7435379,-22.92756081,20000,0.006,2600,20,12,0.12,50000000
p25000_ds0.005_rho2500_nH25_T18_Ep5e7_mu0.50,-5.704940319,-23.04501724,-20.48698616,25000,0.005,2500,25,18,0.125,50000000
p20000_ds0.004_rho2650_nH20_T12_Ep5e7_mu0.50,-5.783885002,-23.4465332,-20.97617722,20000,0.004,2650,20,12,0.08,50000000
p25000_ds0.004_rho2400_nH25_T16_Ep5e7_mu0.50,-5.532432556,-21.76776123,-18.13365936,25000,0.004,2400,25,16,0.1,50000000
p25000_ds0.007_rho2600_nH25_T14_Ep5e7_mu0.50,-5.915384769,-23.01766586,-18.93470192,25000,0.007,2600,25,14,0.175,50000000
p25000_ds0.004_rho2550_nH25_T10_Ep5e7_mu0.50,-5.700679779,-21.9048214,-17.30705833,25000,0.004,2550,25,10,0.1,50000000
p30000_ds0.007_rho2450_nH30_T12_Ep5e7_mu0.50,-5.924812794,-21.93144226,-16.06930161,30000,0.007,2450,30,12,0.21,50000000
p50000_ds0.008_rho2800_nH15_T16_Ep2e8_mu0.50,-5.51773262,-26.96376038,-32.52893448,50000,0.008,2800,15,16,0.12,200000000
p15000_ds0.006_rho2450_nH18_T20_Ep5e7_mu0.50,-5.909835339,-26.78071022,-29.23065948,15000,0.006,2450,18,20,0.108,50000000
p15000_ds0.004_rho2450_nH18_T14_Ep5e7_mu0.50,-5.82286644,-26.36036873,-28.66003227,15000,0.004,2450,18,14,0.072,50000000
p15000_ds0.004_rho2400_nH18_T18_Ep5e7_mu0.50,-5.749996662,-26.05955124,-28.3329525,15000,0.004,2400,18,18,0.072,50000000
p15000_ds0.003_rho2450_nH18_T16_Ep5e7_mu0.50,-5.580914021,-25.04751587,-26.85375977,15000,0.003,2450,18,16,0.054,50000000
p15000_ds0.006_rho2650_nH18_T16_Ep5e7_mu0.50,-6.053143978,-27.37499619,-29.79010391,15000,0.006,2650,18,16,0.108,50000000
p15000_ds0.005_rho2650_nH18_T20_Ep5e7_mu0.50,-5.827041626,-26.5151844,-28.95718193,15000,0.005,2650,18,20,0.09,50000000
p15000_ds0.007_rho2650_nH18_T18_Ep5e7_mu0.50,-6.165744781,-27.8144474,-30.18931961,15000,0.007,2650,18,18,0.126,50000000
p15000_ds0.006_rho2450_nH18_T18_Ep5e7_mu0.50,-5.886614323,-26.45424271,-28.41706848,15000,0.006,2450,18,18,0.108,50000000
p15000_ds0.007_rho2550_nH18_T16_Ep5e7_mu0.50,-5.93768549,-26.23005295,-27.62397957,15000,0.007,2550,18,16,0.126,50000000
p15000_ds0.005_rho2650_nH18_T18_Ep5e7_mu0.50,-5.860816002,-26.00206566,-27.44782257,15000,0.005,2650,18,18,0.09,50000000
p15000_ds0.007_rho2350_nH18_T16_Ep5e7_mu0.50,-5.965071678,-26.24253082,-27.44013405,15000,0.007,2350,18,16,0.126,50000000
p15000_ds0.006_rho2500_nH18_T16_Ep5e7_mu0.50,-5.999976158,-26.3132534,-27.27211952,15000,0.006,2500,18,16,0.108,50000000
p15000_ds0.003_rho2350_nH18_T10_Ep5e7_mu0.50,-5.815643787,-24.47880745,-23.59911537,15000,0.003,2350,18,10,0.054,50000000
p15000_ds0.004_rho2400_nH18_T10_Ep5e7_mu0.50,-6.092612743,-25.9224987,-25.43557167,15000,0.004,2400,18,10,0.072,50000000
p25000_ds0.004_rho2400_nH30_T16_Ep5e7_mu0.50,-5.732933998,-22.49734116,-18.74561501,25000,0.004,2400,30,16,0.12,50000000
p8000_ds0.004_rho2600_nH10_T20_Ep5e7_mu0.50,-5.972510338,-29.68086243,-36.51234818,8000,0.004,2600,10,20,0.04,50000000
p80000_ds0.007_rho2400_nH25_T20_Ep2e8_mu0.50,-5.534602642,-24.35965347,-25.19462585,80000,0.007,2400,25,20,0.175,200000000
p15000_ds0.006_rho2450_nH20_T20_Ep5e7_mu0.50,-5.993378162,-26.93125343,-28.95322037,15000,0.006,2450,20,20,0.12,50000000
p15000_ds0.005_rho2650_nH20_T20_Ep5e7_mu0.50,-6.07454443,-27.14266968,-28.87886047,15000,0.005,2650,20,20,0.1,50000000
p15000_ds0.003_rho2450_nH20_T16_Ep5e7_mu0.50,-5.883971691,-26.02685165,-27.2346077,15000,0.003,2450,20,16,0.06,50000000
p15000_ds0.004_rho2400_nH20_T18_Ep5e7_mu0.50,-5.952889442,-26.39371872,-27.68589973,15000,0.004,2400,20,18,0.08,50000000
p15000_ds0.007_rho2350_nH20_T18_Ep5e7_mu0.50,-6.148836613,-26.81492615,-27.54585648,15000,0.007,2350,20,18,0.14,50000000
p15000_ds0.006_rho2500_nH20_T16_Ep5e7_mu0.50,-6.15503788,-26.86600685,-27.55326843,15000,0.006,2500,20,16,0.12,50000000
p15000_ds0.004_rho2450_nH20_T14_Ep5e7_mu0.50,-6.056466103,-26.38154411,-26.91200256,15000,0.004,2450,20,14,0.08,50000000
p15000_ds0.005_rho2600_nH20_T10_Ep5e7_mu0.50,-6.371061325,-27.52231598,-27.88234138,15000,0.005,2600,20,10,0.1,50000000
p15000_ds0.004_rho2500_nH20_T18_Ep5e7_mu0.50,-5.014431,-20.30893517,-17.84932327,15000,0.004,2500,20,18,0.08,50000000
p15000_ds0.003_rho2350_nH20_T10_Ep5e7_mu0.50,-6.018795013,-25.49651718,-24.73748016,15000,0.003,2350,20,10,0.06,50000000
p15000_ds0.006_rho2650_nH20_T12_Ep5e7_mu0.50,-6.517905712,-27.42424774,-26.41017914,15000,0.006,2650,20,12,0.12,50000000
p55000_ds0.006_rho2600_nH20_T16_Ep2e8_mu0.50,-5.773727417,-26.73315811,-29.90895653,55000,0.006,2600,20,16,0.12,200000000
p10000_ds0.006_rho2500_nH15_T18_Ep5e7_mu0.50,-6.07324791,-29.5213623,-35.58200836,10000,0.006,2500,15,18,0.09,50000000
p10000_ds0.006_rho2500_nH15_T20_Ep5e7_mu0.50,-5.939587593,-28.79383087,-34.58731461,10000,0.006,2500,15,20,0.09,50000000
p80000_ds0.006_rho2800_nH12_T10_Ep5e8_mu0.50,-5.256141663,-25.7393589,-31.0855732,80000,0.006,2800,12,10,0.072,500000000
p10000_ds0.004_rho2350_nH15_T16_Ep5e7_mu0.50,-6.032059669,-28.80059242,-33.82949829,10000,0.004,2350,15,16,0.06,50000000
p10000_ds0.004_rho2400_nH15_T10_Ep5e7_mu0.50,-6.321278572,-29.66121101,-34.01952744,10000,0.004,2400,15,10,0.06,50000000
p95000_ds0.006_rho2800_nH25_T12_Ep3e8_mu0.50,-6.024555206,-26.27173805,-26.75559807,95000,0.006,2800,25,12,0.15,300000000
p75000_ds0.006_rho2800_nH12_T10_Ep5e8_mu0.50,-5.541749954,-27.61886978,-34.0969162,75000,0.006,2800,12,10,0.072,500000000
p15000_ds0.004_rho2500_nH25_T20_Ep5e7_mu0.50,-6.185115814,-27.2109108,-28.20160866,15000,0.004,2500,25,20,0.1,50000000
p15000_ds0.004_rho2400_nH25_T18_Ep5e7_mu0.50,-6.215257645,-27.11930847,-27.72512054,15000,0.004,2400,25,18,0.1,50000000
p15000_ds0.005_rho2650_nH25_T20_Ep5e7_mu0.50,-6.271834373,-27.38747025,-28.00386047,15000,0.005,2650,25,20,0.125,50000000
p15000_ds0.007_rho2350_nH25_T18_Ep5e7_mu0.50,-6.336637974,-26.96529007,-26.49039078,15000,0.007,2350,25,18,0.175,50000000
p15000_ds0.006_rho2500_nH25_T16_Ep5e7_mu0.50,-6.528905392,-27.87363625,-27.4446888,15000,0.006,2500,25,16,0.15,50000000
p15000_ds0.005_rho2600_nH25_T10_Ep5e7_mu0.50,-6.785879612,-27.8747654,-25.55538368,15000,0.005,2600,25,10,0.125,50000000
p10000_ds0.006_rho2450_nH18_T20_Ep5e7_mu0.50,-6.211089611,-29.35579872,-34.09353256,10000,0.006,2450,18,20,0.108,50000000
p10000_ds0.006_rho2500_nH18_T20_Ep5e7_mu0.50,-6.295086384,-30.02667046,-35.18294144,10000,0.006,2500,18,20,0.108,50000000
p10000_ds0.003_rho2450_nH18_T16_Ep5e7_mu0.50,-6.016531944,-28.45170021,-32.86916351,10000,0.003,2450,18,16,0.054,50000000
p10000_ds0.003_rho2500_nH18_T18_Ep5e7_mu0.50,-6.09531641,-28.9203968,-33.50541687,10000,0.003,2500,18,18,0.054,50000000
p10000_ds0.006_rho2500_nH18_T16_Ep5e7_mu0.50,-6.343004704,-29.32694054,-33.03484726,10000,0.006,2500,18,16,0.108,50000000
p10000_ds0.003_rho2350_nH18_T18_Ep5e7_mu0.50,-6.144404888,-28.81009865,-32.80791092,10000,0.003,2350,18,18,0.054,50000000
p10000_ds0.007_rho2350_nH18_T18_Ep5e7_mu0.50,-6.621320248,-30.83083534,-34.94977951,10000,0.007,2350,18,18,0.126,50000000
p10000_ds0.006_rho2450_nH18_T10_Ep5e7_mu0.50,-6.854905128,-31.25719833,-34.70736313,10000,0.006,2450,18,10,0.108,50000000
p10000_ds0.005_rho2600_nH18_T12_Ep5e7_mu0.50,-6.481026173,-29.50404739,-32.44719315,10000,0.005,2600,18,12,0.09,50000000
p10000_ds0.006_rho2450_nH18_T12_Ep5e7_mu0.50,-6.766579628,-30.93927765,-34.19181061,10000,0.006,2450,18,12,0.108,50000000
p55000_ds0.008_rho2800_nH25_T16_Ep2e8_mu0.50,-6.458235741,-29.62804222,-32.6892662,55000,0.008,2800,25,16,0.2,200000000
p65000_ds0.006_rho2700_nH20_T16_Ep3e8_mu0.50,-5.805044651,-27.45452499,-31.60172844,65000,0.006,2700,20,16,0.12,300000000
p90000_ds0.008_rho2300_nH12_T12_Ep7e8_mu0.50,-5.717115402,-29.3443985,-37.50568771,90000,0.008,2300,12,12,0.096,700000000
p8000_ds0.004_rho2350_nH15_T18_Ep5e7_mu0.50,-6.144271374,-30.24055672,-36.85819626,8000,0.004,2350,15,18,0.06,50000000
p10000_ds0.003_rho2500_nH20_T20_Ep5e7_mu0.50,-6.105647564,-29.44771194,-34.85152817,10000,0.003,2500,20,20,0.06,50000000
p10000_ds0.004_rho2500_nH20_T20_Ep5e7_mu0.50,-6.246256828,-29.72007561,-34.58262634,10000,0.004,2500,20,20,0.08,50000000
p10000_ds0.005_rho2450_nH20_T18_Ep5e7_mu0.50,-6.619389534,-31.1558342,-35.74915695,10000,0.005,2450,20,18,0.1,50000000
p10000_ds0.006_rho2450_nH20_T12_Ep5e7_mu0.50,-6.823069096,-30.98278809,-33.99542999,10000,0.006,2450,20,12,0.12,50000000
p15000_ds0.004_rho2500_nH30_T20_Ep5e7_mu0.50,-6.301822662,-26.99160385,-26.71656227,15000,0.004,2500,30,20,0.12,50000000
p15000_ds0.005_rho2600_nH30_T10_Ep5e7_mu0.50,-7.125892162,-28.84840012,-25.83304977,15000,0.005,2600,30,10,0.15,50000000
p70000_ds0.004_rho2300_nH15_T14_Ep5e8_mu0.50,-5.526723385,-26.52863312,-31.06456947,70000,0.004,2300,15,14,0.06,500000000
p55000_ds0.006_rho2900_nH20_T14_Ep3e8_mu0.50,-6.221159458,-30.3139801,-36.34663391,55000,0.006,2900,20,14,0.12,300000000
p8000_ds0.003_rho2500_nH18_T20_Ep5e7_mu0.50,-6.219774246,-30.58329391,-37.13331223,8000,0.003,2500,18,20,0.054,50000000
p65000_ds0.004_rho2300_nH15_T14_Ep5e8_mu0.50,-5.594460487,-26.82066536,-31.31811142,65000,0.004,2300,15,14,0.06,500000000
p100000_ds0.010_rho2900_nH12_T20_Ep1e9_mu0.50,-6.005638123,-32.20972443,-43.1702652,100000,0.01,2900,12,20,0.12,1000000000
p50000_ds0.006_rho2900_nH20_T14_Ep3e8_mu0.50,-6.280880451,-31.25125313,-38.52116776,50000,0.006,2900,20,14,0.12,300000000
p75000_ds0.004_rho2700_nH18_T20_Ep5e8_mu0.50,-5.296334743,-24.95393944,-28.49306488,75000,0.004,2700,18,20,0.072,500000000
p10000_ds0.003_rho2350_nH25_T20_Ep5e7_mu0.50,-6.334311008,-29.59622002,-33.50221252,10000,0.003,2350,25,20,0.075,50000000
p10000_ds0.003_rho2500_nH25_T20_Ep5e7_mu0.50,-6.559762001,-30.56826401,-34.54357529,10000,0.003,2500,25,20,0.075,50000000
p50000_ds0.004_rho2900_nH10_T18_Ep7e8_mu0.50,-5.479919434,-27.00884628,-32.5859375,50000,0.004,2900,10,18,0.04,700000000
p70000_ds0.008_rho2600_nH20_T16_Ep5e8_mu0.50,-6.512996197,-33.19213486,-42.0782814,70000,0.008,2600,20,16,0.16,500000000
p60000_ds0.007_rho2900_nH18_T20_Ep5e8_mu0.50,-6.298937798,-32.71083832,-42.3273201,60000,0.007,2900,18,20,0.126,500000000
p6000_ds0.003_rho2350_nH18_T20_Ep5e7_mu0.50,-6.365458012,-31.81409645,-39.40341187,6000,0.003,2350,18,20,0.054,50000000
p45000_ds0.004_rho2900_nH10_T18_Ep7e8_mu0.50,-5.56479454,-27.92294502,-34.49915695,45000,0.004,2900,10,18,0.04,700000000
p55000_ds0.008_rho2900_nH18_T12_Ep5e8_mu0.50,-6.704086781,-34.63027954,-44.6863327,55000,0.008,2900,18,12,0.144,500000000
p55000_ds0.007_rho2900_nH18_T20_Ep5e8_mu0.50,-6.513230801,-34.17081833,-44.72137451,55000,0.007,2900,18,20,0.126,500000000
p50000_ds0.008_rho2450_nH10_T14_Ep1e9_mu0.50,-6.917338371,-35.82660675,-46.14192581,50000,0.008,2450,10,14,0.08,1000000000
p50000_ds0.005_rho2400_nH10_T12_Ep1e9_mu0.50,-6.556453705,-32.93708801,-40.72752762,50000,0.005,2400,10,12,0.05,1000000000
p45000_ds0.007_rho2400_nH10_T18_Ep1e9_mu0.50,-6.955874443,-36.29924011,-47.09689331,45000,0.007,2400,10,18,0.07,1000000000
p85000_ds0.006_rho2700_nH20_T14_Ep1e9_mu0.50,-6.696642876,-34.61788177,-44.51281738,85000,0.006,2700,20,14,0.12,1000000000
p50000_ds0.010_rho2500_nH12_T18_Ep1e9_mu0.50,-6.920522213,-36.78686905,-48.84009933,50000,0.01,2500,12,18,0.12,1000000000
p50000_ds0.008_rho2500_nH12_T12_Ep1e9_mu0.50,-6.910225391,-36.29319763,-47.60709,50000,0.008,2500,12,12,0.096,1000000000
p50000_ds0.007_rho2350_nH12_T12_Ep1e9_mu0.50,-6.862773895,-35.61968613,-45.96149826,50000,0.007,2350,12,12,0.084,1000000000
p40000_ds0.008_rho2450_nH10_T14_Ep1e9_mu0.50,-7.198596478,-38.63756943,-51.83338165,40000,0.008,2450,10,14,0.08,1000000000
p40000_ds0.008_rho2450_nH10_T18_Ep1e9_mu0.50,-7.206976414,-38.76705551,-52.09758759,40000,0.008,2450,10,18,0.08,1000000000
p40000_ds0.004_rho2900_nH20_T12_Ep5e8_mu0.50,-6.887388229,-36.07018661,-47.12132645,40000,0.004,2900,20,12,0.08,500000000
p60000_ds0.007_rho2900_nH30_T14_Ep5e8_mu0.50,-7.837734699,-38.50057983,-46.61752701,60000,0.007,2900,30,14,0.21,500000000
p35000_ds0.004_rho2300_nH30_T14_Ep3e8_mu0.50,-7.142081738,-35.73783875,-44.25365448,35000,0.004,2300,30,14,0.12,300000000
p45000_ds0.006_rho2600_nH12_T20_Ep1e9_mu0.50,-6.910784245,-36.40830231,-47.73155594,45000,0.006,2600,12,20,0.072,1000000000
p45000_ds0.005_rho2450_nH12_T18_Ep1e9_mu0.50,-6.868041039,-35.424366,-45.2678833,45000,0.005,2450,12,18,0.06,1000000000
p55000_ds0.007_rho2900_nH30_T14_Ep5e8_mu0.50,-8.001164436,-39.20386887,-47.30743408,55000,0.007,2900,30,14,0.21,500000000
p35000_ds0.004_rho2900_nH20_T12_Ep5e8_mu0.50,-7.030469418,-36.95011139,-48.46199799,35000,0.004,2900,20,12,0.08,500000000
p35000_ds0.006_rho2400_nH10_T20_Ep1e9_mu0.50,-7.319556713,-39.0546875,-51.91868973,35000,0.006,2400,10,20,0.06,1000000000
p40000_ds0.007_rho2550_nH12_T12_Ep1e9_mu0.50,-6.906332493,-36.52941513,-48.26742935,40000,0.007,2550,12,12,0.084,1000000000
p30000_ds0.004_rho2300_nH30_T14_Ep3e8_mu0.50,-7.361898899,-37.12323761,-46.40341568,30000,0.004,2300,30,14,0.12,300000000
p50000_ds0.005_rho2500_nH15_T12_Ep1e9_mu0.50,-6.878520012,-34.86139679,-43.72755432,50000,0.005,2500,15,12,0.075,1000000000
p45000_ds0.007_rho2650_nH15_T18_Ep1e9_mu0.50,-7.235462666,-38.28786469,-50.5345459,45000,0.007,2650,15,18,0.105,1000000000
p30000_ds0.005_rho2600_nH10_T10_Ep1e9_mu0.50,-6.870971203,-36.15032196,-47.4154892,30000,0.005,2600,10,10,0.05,1000000000
p30000_ds0.005_rho2350_nH10_T16_Ep1e9_mu0.50,-7.229487896,-38.60866165,-51.36676407,30000,0.005,2350,10,16,0.05,1000000000
p35000_ds0.006_rho2600_nH12_T20_Ep1e9_mu0.50,-7.312799454,-39.27018738,-52.61193848,35000,0.006,2600,12,20,0.072,1000000000
p40000_ds0.007_rho2650_nH15_T14_Ep1e9_mu0.50,-7.255694866,-38.9463501,-52.25696182,40000,0.007,2650,15,14,0.105,1000000000
p30000_ds0.006_rho2600_nH12_T16_Ep1e9_mu0.50,-7.368378162,-40.00215149,-54.27928162,30000,0.006,2600,12,16,0.072,1000000000
p45000_ds0.008_rho2450_nH18_T12_Ep1e9_mu0.50,-7.309552193,-38.29332733,-50.1083374,45000,0.008,2450,18,12,0.144,1000000000
p30000_ds0.005_rho2650_nH12_T10_Ep1e9_mu0.50,-7.34309721,-39.01340485,-51.76467896,30000,0.005,2650,12,10,0.06,1000000000
p50000_ds0.005_rho2600_nH20_T14_Ep1e9_mu0.50,-6.858491898,-34.88047409,-43.92741776,50000,0.005,2600,20,14,0.1,1000000000
p45000_ds0.008_rho2650_nH20_T14_Ep1e9_mu0.50,-7.367147446,-38.45724869,-50.05307007,45000,0.008,2650,20,14,0.16,1000000000
p40000_ds0.006_rho2350_nH18_T12_Ep1e9_mu0.50,-7.122368813,-36.86956787,-47.50528717,40000,0.006,2350,18,12,0.108,1000000000
p40000_ds0.005_rho2500_nH18_T18_Ep1e9_mu0.50,-7.262445927,-37.75233078,-48.73774338,40000,0.005,2500,18,18,0.09,1000000000
p40000_ds0.006_rho2500_nH20_T20_Ep1e9_mu0.50,-7.328270435,-39.61571503,-53.49106216,40000,0.006,2500,20,20,0.12,1000000000
p40000_ds0.007_rho2550_nH20_T12_Ep1e9_mu0.50,-7.372662067,-38.67489243,-50.66395569,40000,0.007,2550,20,12,0.14,1000000000
p30000_ds0.005_rho2600_nH15_T10_Ep1e9_mu0.50,-7.385324478,-39.19373322,-51.93085861,30000,0.005,2600,15,10,0.075,1000000000
p40000_ds0.006_rho2500_nH20_T10_Ep1e9_mu0.50,-7.252183914,-37.60320282,-48.63653183,40000,0.006,2500,20,10,0.12,1000000000
p40000_ds0.005_rho2350_nH20_T14_Ep1e9_mu0.50,-7.20489502,-37.02931213,-47.24187469,40000,0.005,2350,20,14,0.1,1000000000
p50000_ds0.008_rho2550_nH25_T10_Ep1e9_mu0.50,-8.29966259,-41.29803085,-50.83405304,50000,0.008,2550,25,10,0.2,1000000000
p35000_ds0.007_rho2600_nH18_T10_Ep1e9_mu0.50,-7.367326736,-38.40140533,-50.02433395,35000,0.007,2600,18,10,0.126,1000000000
p45000_ds0.009_rho2400_nH25_T20_Ep1e9_mu0.50,-7.868362427,-41.68916702,-55.12930298,45000,0.009,2400,25,20,0.225,1000000000
p45000_ds0.010_rho2350_nH25_T16_Ep1e9_mu0.50,-8.266759872,-42.97146988,-55.65330124,45000,0.01,2350,25,16,0.25,1000000000
p35000_ds0.006_rho2550_nH20_T14_Ep1e9_mu0.50,-7.635199547,-40.79070282,-54.45880127,35000,0.006,2550,20,14,0.12,1000000000
p35000_ds0.006_rho2550_nH20_T16_Ep1e9_mu0.50,-7.436442375,-39.93633652,-53.57536697,35000,0.006,2550,20,16,0.12,1000000000
p35000_ds0.005_rho2350_nH20_T20_Ep1e9_mu0.50,-7.34655571,-38.84873962,-51.15940094,35000,0.005,2350,20,20,0.1,1000000000
p25000_ds0.005_rho2550_nH15_T16_Ep1e9_mu0.50,-7.781944752,-42.14743423,-57.02490234,25000,0.005,2550,15,16,0.075,1000000000
p40000_ds0.005_rho2650_nH25_T20_Ep1e9_mu0.50,-7.451538086,-39.15922928,-51.26767731,40000,0.005,2650,25,20,0.125,1000000000
p40000_ds0.006_rho2600_nH25_T18_Ep1e9_mu0.50,-7.538432598,-39.2817955,-50.95591354,40000,0.006,2600,25,18,0.15,1000000000
p35000_ds0.008_rho2350_nH25_T16_Ep1e9_mu0.50,-8.319128036,-44.28556442,-58.91165543,35000,0.008,2350,25,16,0.2,1000000000
p35000_ds0.005_rho2600_nH25_T16_Ep1e9_mu0.50,-7.714790344,-40.60389328,-53.24827957,35000,0.005,2600,25,16,0.125,1000000000
p25000_ds0.005_rho2650_nH25_T12_Ep1e9_mu0.50,-8.350793839,-44.53853226,-59.36260605,25000,0.005,2650,25,12,0.125,1000000000
